t,self_cells,foreign_antigens,B_cells,antibodies,Thelpers,danger_signals_and_ILs,bone_marrow_cells
0,0,0,0,0,0,0,0
2,464,0,0,0,0,0,0
4,487,0,0,0,0,0,0
6,503,0,0,0,0,0,0
8,526,0,0,0,0,0,0
10,548,0,0,0,0,0,0
12,571,0,0,0,0,0,0
14,603,0,0,0,0,0,0
16,632,0,0,0,0,0,0
18,656,0,0,0,0,0,0
20,690,0,0,0,0,0,0
22,728,0,0,0,0,0,0
24,761,0,0,0,0,0,0
26,802,0,0,0,0,0,0
28,856,0,0,0,0,0,0
30,896,0,0,0,0,0,0
32,942,0,0,0,0,0,0
34,992,0,0,0,0,0,0
36,1044,0,0,0,0,0,0
38,1096,0,0,0,0,0,0
40,1127,0,0,0,0,0,0
42,1191,0,0,0,0,0,0
44,1273,0,0,0,0,0,0
46,1334,0,0,0,0,0,0
48,1408,0,0,0,0,0,0
50,1478,0,0,0,0,0,0
52,1545,0,0,0,0,0,0
54,1616,0,0,0,0,0,0
56,1692,0,0,0,0,0,0
58,1787,0,0,0,0,0,0
60,1856,0,0,0,0,0,0
62,1931,0,0,0,0,0,0
64,2036,0,0,0,0,0,0
66,2125,0,0,0,0,0,0
68,2206,0,0,0,0,0,0
70,2310,0,0,0,0,0,0
72,2404,0,0,0,0,0,0
74,2508,0,0,0,0,0,0
76,2605,0,0,0,0,0,0
78,2728,0,0,0,0,0,0
80,2846,0,0,0,0,0,0
82,2957,0,0,0,0,0,0
84,3062,0,0,0,0,0,0
86,3178,0,0,0,0,0,0
88,3295,0,0,0,0,0,0
90,3407,0,0,0,0,0,0
92,3522,0,0,0,0,0,0
94,3642,0,0,0,0,0,0
96,3763,0,0,0,0,0,0
98,3897,0,0,0,0,0,0
100,4004,0,0,0,0,0,0
102,4104,0,0,0,0,0,5
104,4206,0,0,0,0,0,5
106,4308,0,1,0,0,0,5
108,4414,0,1,0,1,0,5
110,4517,0,1,0,1,0,5
112,4626,0,1,0,1,0,5
114,4713,0,1,0,2,0,5
116,4804,0,1,0,2,0,5
118,4884,0,1,0,1,0,5
120,4985,0,1,0,1,0,5
122,5066,0,1,0,1,0,5
124,5149,0,2,0,1,0,5
126,5223,0,2,0,1,0,5
128,5305,0,3,0,1,0,5
130,5375,0,3,0,1,0,5
132,5444,0,4,0,1,0,5
134,5526,0,4,0,1,0,5
136,5605,0,3,0,2,0,5
138,5674,0,3,0,2,0,5
140,5736,0,2,0,1,0,5
142,5807,0,2,0,1,0,5
144,5872,0,2,0,1,0,5
146,5937,0,2,0,1,0,5
148,6003,0,2,0,1,0,5
150,6054,0,3,0,2,0,5
152,6116,0,3,0,3,0,5
154,6165,0,3,0,4,0,5
156,6227,0,3,0,4,0,5
158,6276,0,3,0,4,0,5
160,6343,0,3,0,2,0,5
162,6385,0,3,0,3,0,5
164,6436,0,5,0,2,0,5
166,6484,0,5,0,4,0,5
168,6520,0,6,0,4,0,5
170,6560,0,7,0,4,0,5
172,6606,0,6,0,5,0,5
174,6648,0,6,0,5,0,5
176,6691,0,5,0,5,0,5
178,6740,0,4,0,7,0,5
180,6786,0,5,0,5,0,5
182,6823,0,5,0,6,0,5
184,6874,0,5,0,7,0,5
186,6915,0,5,0,6,0,5
188,6960,0,5,0,6,0,5
190,6988,0,5,0,6,0,5
192,7024,0,4,0,5,0,5
194,7068,0,4,0,5,0,5
196,7100,0,3,0,5,0,5
198,7133,0,3,0,5,0,5
200,7169,0,2,0,6,0,5
202,7205,0,1,0,6,0,5
204,7232,0,1,0,5,0,5
206,7267,0,1,0,4,0,5
208,7300,0,1,0,4,0,5
210,7333,0,1,0,2,0,5
212,7356,0,1,0,2,0,5
214,7385,0,1,0,4,0,5
216,7414,0,1,0,4,0,5
218,7434,0,2,0,5,0,5
220,7471,0,2,0,5,0,5
222,7508,0,2,0,4,0,5
224,7532,0,2,0,4,0,5
226,7560,0,4,0,4,0,5
228,7598,0,3,0,4,0,5
230,7628,0,3,0,4,0,5
232,7663,0,4,0,4,0,5
234,7697,0,4,0,4,0,5
236,7719,0,6,0,4,0,5
238,7748,0,6,0,4,0,5
240,7787,0,6,0,5,0,5
242,7824,0,7,0,5,0,5
244,7848,0,6,0,5,0,5
246,7879,0,7,0,5,0,5
248,7903,0,7,0,4,0,5
250,7928,0,6,0,5,0,5
252,7960,0,5,0,6,0,5
254,7992,0,5,0,6,0,5
256,8013,0,6,0,7,0,5
258,8038,0,6,0,7,0,5
260,8067,0,6,0,7,0,5
262,8094,0,5,0,7,0,5
264,8117,0,5,0,6,0,5
266,8149,0,5,0,5,0,5
268,8166,0,5,0,6,0,5
270,8201,0,4,0,6,0,5
272,8227,0,4,0,5,0,5
274,8254,0,4,0,6,0,5
276,8277,0,5,0,6,0,5
278,8306,0,5,0,5,0,5
280,8333,0,4,0,5,0,5
282,8353,0,3,0,6,0,5
284,8375,0,2,0,6,0,5
286,8395,0,1,0,6,0,5
288,8422,0,1,0,5,0,5
290,8450,0,1,0,5,0,5
292,8477,0,2,0,3,0,5
294,8493,0,2,0,2,0,5
296,8521,0,3,0,2,0,5
298,8554,0,3,0,3,0,5
300,8576,0,2,0,3,0,5
302,8597,0,2,0,3,0,5
304,8620,0,2,0,2,0,5
306,8637,0,2,0,1,0,5
308,8661,0,2,0,2,0,5
310,8681,0,2,0,2,0,5
312,8696,0,2,0,4,0,5
314,8719,0,5,0,4,0,5
316,8743,0,5,0,6,0,5
318,8769,0,5,0,4,0,5
320,8787,0,4,0,4,0,5
322,8808,0,3,0,4,0,5
324,8823,0,4,0,3,0,5
326,8838,0,4,0,5,0,5
328,8857,0,5,0,5,0,5
330,8879,0,4,0,5,0,5
332,8904,0,4,0,5,0,5
334,8934,0,4,0,5,0,5
336,8945,0,4,0,5,0,5
338,8962,0,4,0,5,0,5
340,8982,0,4,0,5,0,5
342,9001,0,4,0,5,0,5
344,9023,0,5,0,5,0,5
346,9050,0,5,0,4,0,5
348,9068,0,5,0,4,0,5
350,9089,0,5,0,6,0,5
352,9111,0,3,0,5,0,5
354,9128,0,3,0,4,0,5
356,9144,0,3,0,4,0,5
358,9165,0,3,0,4,0,5
360,9183,0,3,0,4,0,5
362,9202,0,3,0,3,0,5
364,9219,0,3,0,3,0,5
366,9232,0,3,0,3,0,5
368,9253,0,3,0,2,0,5
370,9271,0,3,0,5,0,5
372,9288,0,3,0,4,0,5
374,9301,0,4,0,4,0,5
376,9318,0,4,0,5,0,5
378,9337,0,4,0,4,0,5
380,9356,0,5,0,5,0,5
382,9372,0,5,0,5,0,5
384,9385,0,4,0,6,0,5
386,9404,0,5,0,6,0,5
388,9418,0,5,0,6,0,5
390,9439,0,5,0,6,0,5
392,9459,0,5,0,6,0,5
394,9475,0,5,0,6,0,5
396,9489,0,5,0,5,0,5
398,9512,0,6,0,4,0,5
400,9530,0,6,0,5,0,5
402,9548,0,7,0,5,0,5
404,9571,0,7,0,5,0,5
406,9590,0,7,0,4,0,5
408,9607,0,7,0,3,0,5
410,9625,0,8,0,3,0,5
412,9648,0,7,0,4,0,5
414,9666,0,7,0,4,0,5
416,9684,0,6,0,4,0,5
418,9702,0,6,0,4,0,5
420,9723,0,6,0,4,0,5
422,9729,0,7,0,5,0,5
424,9748,0,7,0,4,0,5
426,9762,0,7,0,4,0,5
428,9774,0,7,0,4,0,5
430,9789,0,7,0,4,0,5
432,9800,0,8,0,5,0,5
434,9812,0,8,0,5,0,5
436,9823,0,7,0,5,0,5
438,9835,0,5,0,4,0,5
440,9853,0,5,0,4,0,5
442,9879,0,5,0,4,0,5
444,9891,0,5,0,4,0,5
446,9901,0,5,0,4,0,5
448,9917,0,5,0,4,0,5
450,9936,0,5,0,2,0,5
452,9954,0,5,0,2,0,5
454,9969,0,4,0,2,0,5
456,9986,0,4,0,2,0,5
458,10004,0,4,0,2,0,5
460,10015,0,4,0,2,0,5
462,10030,0,4,0,3,0,5
464,10045,0,5,0,3,0,5
466,10064,0,5,0,4,0,5
468,10074,0,5,0,3,0,5
470,10089,0,4,0,4,0,5
472,10105,0,4,0,3,0,5
474,10117,0,4,0,3,3,5
476,10131,0,4,0,3,4,5
478,10142,0,4,0,4,0,5
480,10155,0,4,0,4,4,5
482,10171,0,4,0,4,4,5
484,10183,0,4,0,4,4,5
486,10200,0,4,0,4,3,5
488,10215,0,5,0,4,6,5
490,10232,0,5,0,5,2,5
492,10246,0,3,0,5,5,5
494,10260,0,3,0,5,0,5
496,10282,0,3,0,6,0,5
498,10296,0,2,0,4,0,5
500,10307,0,2,0,4,0,5
502,10317,0,2,0,4,0,5
504,10326,0,2,0,4,0,5
506,10337,0,2,0,4,0,5
508,10346,0,2,0,4,0,5
510,10358,0,2,0,2,0,5
512,10373,0,2,0,2,0,5
514,10386,0,2,0,2,0,5
516,10399,0,2,0,2,0,5
518,10409,0,2,0,4,0,5
520,10421,0,2,0,5,0,5
522,10437,0,2,0,5,0,5
524,10448,0,2,0,8,0,5
526,10455,0,1,0,7,0,5
528,10462,0,1,0,6,0,5
530,10477,0,1,0,6,0,5
532,10486,0,1,0,5,0,5
534,10501,0,1,0,5,0,5
536,10520,0,1,0,3,0,5
538,10533,0,1,0,3,0,5
540,10552,0,1,0,3,0,5
542,10559,0,1,0,4,0,5
544,10577,0,1,0,3,0,5
546,10589,0,1,0,3,0,5
548,10603,0,1,0,3,0,5
550,10613,0,1,0,3,0,5
552,10621,0,1,0,3,0,5
554,10637,0,1,0,3,0,5
556,10649,0,0,0,3,0,5
558,10661,0,0,0,3,0,5
560,10671,0,0,0,3,0,5
562,10683,0,0,0,3,0,5
564,10696,0,1,0,3,0,5
566,10710,0,1,0,4,0,5
568,10725,0,1,0,4,0,5
570,10735,0,1,0,4,0,5
572,10748,0,3,0,6,0,5
574,10763,0,4,0,5,0,5
576,10775,0,4,0,5,0,5
578,10795,0,4,0,3,0,5
580,10809,0,4,0,3,0,5
582,10819,0,4,0,4,0,5
584,10825,0,4,0,5,0,5
586,10838,0,4,0,4,0,6
588,10850,0,5,0,3,0,6
590,10864,0,6,0,3,0,6
592,10873,0,6,0,3,0,6
594,10885,0,5,0,1,0,6
596,10892,0,5,0,3,0,6
598,10900,0,3,0,3,0,6
600,10917,0,3,0,3,0,6
602,10926,0,2,0,2,0,6
604,10939,0,2,0,2,0,6
606,10951,0,4,0,3,0,6
608,10967,0,6,0,4,0,6
610,10978,0,7,0,3,0,6
612,10984,0,5,0,3,0,6
614,10994,0,5,0,4,0,6
616,11005,0,5,0,4,0,6
618,11017,0,5,0,4,0,6
620,11031,0,6,0,4,0,6
622,11046,0,6,0,3,0,7
624,11065,0,7,0,3,0,7
626,11080,0,9,0,3,0,7
628,11088,0,9,0,3,0,7
630,11095,0,8,0,4,0,7
632,11107,0,8,0,3,0,7
634,11117,0,8,0,3,0,7
636,11131,0,8,0,1,0,7
638,11141,0,8,0,2,0,7
640,11154,0,9,0,2,0,7
642,11165,0,11,0,3,0,7
644,11173,0,12,0,3,0,7
646,11180,0,13,0,2,0,7
648,11196,0,13,0,4,0,7
650,11209,0,13,0,3,0,7
652,11218,0,11,0,4,0,7
654,11228,0,11,0,3,0,7
656,11238,0,12,0,3,0,7
658,11250,0,11,0,3,0,7
660,11264,0,11,0,4,0,7
662,11272,0,10,0,3,0,7
664,11281,0,11,0,3,0,7
666,11291,0,11,0,4,0,7
668,11295,0,11,0,4,0,7
670,11308,0,11,0,6,0,7
672,11315,0,11,0,5,0,7
674,11326,0,10,0,6,0,7
676,11339,0,10,0,4,0,7
678,11354,0,11,0,5,0,7
680,11365,0,9,0,5,0,7
682,11374,0,9,0,5,0,7
684,11384,0,9,0,4,0,7
686,11395,0,9,0,4,0,7
688,11407,0,7,0,4,0,7
690,11417,0,7,0,4,0,7
692,11426,0,8,0,4,0,7
694,11437,0,8,0,4,0,7
696,11446,0,10,0,3,0,7
698,11454,0,10,0,4,0,7
700,11460,0,11,0,4,0,7
702,11468,0,13,0,4,0,7
704,11475,0,15,0,5,0,7
706,11485,0,16,0,7,0,7
708,11491,0,16,0,7,0,7
710,11502,0,13,0,7,0,7
712,11517,0,13,0,6,0,7
714,11525,0,12,0,6,0,7
716,11528,0,12,0,8,0,7
718,11538,0,11,0,8,0,7
720,11544,0,11,0,8,1,7
722,11554,0,10,0,5,4,7
724,11559,0,8,0,5,1,7
726,11568,0,8,0,4,0,7
728,11581,0,9,0,4,0,7
730,11588,0,8,0,5,0,7
732,11593,0,8,0,5,0,7
734,11605,0,8,0,5,0,7
736,11617,0,9,0,5,0,7
738,11629,0,10,0,5,0,7
740,11640,0,9,0,5,0,7
742,11650,0,10,0,5,0,7
744,11656,0,11,0,5,0,7
746,11663,0,12,0,5,0,7
748,11674,0,12,0,4,0,7
750,11686,0,14,0,4,0,7
752,11696,0,12,0,4,0,7
754,11706,0,11,0,4,0,7
756,11716,0,10,0,5,0,7
758,11724,0,9,0,5,0,7
760,11737,0,9,0,5,0,7
762,11744,0,10,0,5,0,7
764,11756,0,8,0,5,0,7
766,11765,0,8,0,5,0,8
768,11768,0,8,0,5,0,8
770,11774,0,8,0,5,0,8
772,11785,0,7,0,6,0,8
774,11797,0,10,0,6,0,8
776,11806,0,10,0,5,0,8
778,11814,0,10,0,5,1,8
780,11820,0,8,0,5,2,8
782,11836,0,8,0,4,2,8
784,11845,0,8,0,6,3,9
786,11853,0,8,0,4,1,10
788,11864,0,8,0,4,1,10
790,11871,0,8,0,4,3,10
792,11883,0,8,0,3,0,10
794,11891,0,8,0,4,2,10
796,11898,0,8,0,5,3,10
798,11908,0,8,0,5,3,10
800,11921,0,5,0,5,2,10
802,11927,0,5,0,4,0,10
804,11933,0,6,0,4,0,10
806,11940,0,6,0,3,0,10
808,11957,0,7,0,4,0,10
810,11962,0,8,0,6,0,10
812,11969,0,9,0,6,0,10
814,11979,0,7,0,5,0,10
816,11989,0,5,0,6,0,10
818,12000,0,6,0,5,0,10
820,12017,0,6,0,5,0,10
822,12025,0,5,0,5,0,10
824,12030,0,5,0,5,0,10
826,12036,0,5,0,5,0,10
828,12044,0,4,0,6,0,10
830,12057,0,5,0,4,0,10
832,12060,0,5,0,4,0,10
834,12071,0,3,0,5,0,10
836,12076,0,3,0,7,0,10
838,12081,0,3,0,6,0,10
840,12089,0,4,0,7,0,10
842,12097,0,5,0,8,0,10
844,12109,0,5,0,7,0,10
846,12115,0,4,0,7,0,10
848,12123,0,4,0,6,0,10
850,12133,0,5,0,6,0,10
852,12142,0,5,0,6,0,10
854,12147,0,5,0,6,0,10
856,12153,0,7,0,7,0,10
858,12164,0,8,0,6,0,10
860,12175,0,7,0,5,0,10
862,12183,0,6,0,6,0,10
864,12187,0,6,0,6,0,10
866,12194,0,6,0,7,0,10
868,12202,0,7,0,6,0,10
870,12212,0,6,0,6,0,10
872,12219,0,6,0,7,0,11
874,12233,0,6,0,4,0,11
876,12239,0,6,0,4,0,11
878,12243,0,6,0,5,0,11
880,12251,0,5,0,4,0,11
882,12261,0,5,0,4,0,11
884,12264,0,5,0,6,0,11
886,12276,0,5,0,5,0,11
888,12281,0,4,0,4,0,11
890,12287,0,4,0,4,0,11
892,12293,0,4,0,5,0,11
894,12303,0,5,0,5,0,11
896,12313,0,5,0,7,0,11
898,12325,0,7,0,8,0,11
900,12329,0,7,0,7,0,11
902,12339,0,7,0,8,0,11
904,12348,0,6,0,7,0,11
906,12357,0,7,0,8,0,11
908,12361,0,7,0,8,0,11
910,12376,0,7,0,9,0,11
912,12387,0,6,0,7,0,11
914,12396,0,6,0,7,0,11
916,12403,0,7,0,7,0,11
918,12404,0,7,0,8,0,11
920,12412,0,7,0,8,0,11
922,12419,0,7,0,9,0,11
924,12427,0,6,0,5,6,11
926,12436,0,6,0,6,2,12
928,12445,0,6,0,7,0,12
930,12458,0,5,0,6,6,12
932,12467,0,5,0,6,0,12
934,12473,0,4,0,6,0,12
936,12481,0,6,0,5,0,12
938,12491,0,6,0,4,0,12
940,12498,0,7,0,4,0,12
942,12508,0,8,0,4,3,12
944,12515,0,7,0,4,4,12
946,12521,0,8,0,4,2,12
948,12532,0,8,0,6,2,12
950,12538,0,6,0,5,3,12
952,12544,0,7,0,6,1,12
954,12550,0,7,0,6,2,12
956,12563,0,7,0,5,1,12
958,12569,0,6,0,5,8,12
960,12575,0,5,0,6,2,12
962,12584,0,5,0,6,3,12
964,12591,0,6,0,6,8,12
966,12592,0,7,0,6,3,12
968,12602,0,7,0,6,1,12
970,12607,0,5,0,7,8,12
972,12613,0,5,0,6,5,12
974,12617,0,5,0,6,3,12
976,12625,0,6,0,5,0,12
978,12636,0,6,0,5,0,12
980,12643,0,6,0,5,2,12
982,12648,0,5,0,8,4,12
984,12657,0,5,0,8,4,12
986,12662,0,5,0,7,2,12
988,12666,0,3,0,8,3,12
990,12668,0,3,0,7,0,12
992,12673,0,4,0,8,0,12
994,12680,0,5,0,9,0,12
996,12689,0,6,0,9,0,12
998,12692,0,7,0,8,0,12
1000,12699,0,6,0,9,0,12
1002,12704,0,7,0,9,0,12
1004,12714,0,5,0,11,0,12
1006,12723,0,5,0,11,0,12
1008,12732,0,5,0,12,0,12
1010,12741,0,5,0,13,0,12
1012,12745,0,6,0,12,0,12
1014,12753,0,6,0,10,0,12
1016,12761,0,6,0,10,0,12
1018,12770,0,7,0,11,0,12
1020,12776,0,7,0,13,0,12
1022,12779,0,8,0,13,0,12
1024,12790,0,9,0,14,0,12
1026,12795,0,9,0,15,0,12
1028,12799,0,8,0,15,0,12
1030,12804,0,7,0,14,0,12
1032,12812,0,10,0,13,0,12
1034,12818,0,8,0,13,0,12
1036,12823,0,9,0,13,0,12
1038,12830,0,8,0,14,0,12
1040,12837,0,8,0,15,0,12
1042,12839,0,7,0,16,0,12
1044,12849,0,8,0,17,0,12
1046,12856,0,7,0,16,0,12
1048,12865,0,6,0,16,0,12
1050,12869,0,6,0,16,0,12
1052,12877,0,6,0,19,0,12
1054,12889,0,6,0,20,0,13
1056,12899,0,6,0,21,0,13
1058,12908,0,6,0,20,0,13
1060,12913,0,6,0,20,0,13
1062,12918,0,7,0,21,0,13
1064,12921,0,6,0,21,0,13
1066,12929,0,5,0,19,0,13
1068,12935,0,4,0,18,0,13
1070,12945,0,4,0,19,0,13
1072,12953,0,4,0,17,0,13
1074,12963,0,6,0,17,0,13
1076,12967,0,7,0,16,0,13
1078,12979,0,6,0,17,0,13
1080,12984,0,8,0,18,0,13
1082,12988,0,7,0,17,0,13
1084,12991,0,7,0,15,0,13
1086,13000,0,8,0,14,0,13
1088,13005,0,8,0,13,0,13
1090,13008,0,9,0,12,0,13
1092,13014,0,9,0,11,0,13
1094,13022,0,11,0,12,0,13
1096,13027,0,9,0,12,0,13
1098,13035,0,10,0,12,0,13
1100,13045,0,11,0,11,0,13
1102,13047,0,12,0,12,0,13
1104,13050,0,13,0,11,0,13
1106,13058,0,13,0,14,0,13
1108,13063,0,13,0,13,0,13
1110,13069,0,13,0,13,3,13
1112,13069,0,13,0,14,1,13
1114,13075,0,14,0,14,5,13
1116,13081,0,11,0,14,2,13
1118,13088,0,12,0,15,2,13
1120,13094,0,12,0,15,0,13
1122,13097,0,11,0,13,0,13
1124,13102,0,11,0,13,3,13
1126,13112,0,11,0,13,2,13
1128,13116,0,11,0,12,0,13
1130,13118,0,12,0,11,1,13
1132,13122,0,12,0,11,0,13
1134,13126,0,9,0,10,4,13
1136,13135,0,11,0,12,0,13
1138,13141,0,12,0,12,1,13
1140,13150,0,10,0,11,1,13
1142,13158,0,9,0,10,1,13
1144,13161,0,8,0,10,0,13
1146,13166,0,8,0,9,2,13
1148,13174,0,10,0,10,2,13
1150,13179,0,11,0,11,0,13
1152,13183,0,11,0,10,1,13
1154,13184,0,12,0,11,1,13
1156,13193,0,12,0,9,2,14
1158,13198,0,14,0,12,0,14
1160,13208,0,14,0,12,3,14
1162,13215,0,15,0,12,1,14
1164,13216,0,13,0,12,5,14
1166,13221,0,12,0,12,0,14
1168,13229,0,14,0,11,0,14
1170,13236,0,13,0,11,1,14
1172,13248,0,13,0,13,1,14
1174,13261,0,11,0,12,4,14
1176,13265,0,11,0,11,2,14
1178,13273,0,11,0,10,5,14
1180,13277,0,11,0,7,4,14
1182,13282,0,11,0,8,0,14
1184,13295,0,12,0,7,2,14
1186,13300,0,12,0,8,0,14
1188,13308,0,11,0,8,1,14
1190,13317,0,8,0,8,1,14
1192,13322,0,7,0,8,1,14
1194,13328,0,8,0,7,9,14
1196,13335,0,8,0,9,3,14
1198,13342,0,8,0,9,1,14
1200,13347,0,8,0,11,0,14
1202,13350,0,8,0,11,2,14
1204,13358,0,8,0,11,1,14
1206,13362,0,9,0,10,0,14
1208,13365,0,9,0,10,0,14
1210,13373,0,12,0,10,0,14
1212,13381,0,12,0,10,0,14
1214,13387,0,12,0,11,0,14
1216,13396,0,12,0,11,0,14
1218,13402,0,12,0,11,0,14
1220,13406,0,12,0,12,0,14
1222,13410,0,11,0,13,0,14
1224,13412,0,12,0,13,0,14
1226,13419,0,12,0,14,0,14
1228,13425,0,12,0,13,0,14
1230,13430,0,11,0,12,0,14
1232,13435,0,11,0,11,0,14
1234,13438,0,15,0,11,0,14
1236,13446,0,16,0,11,0,14
1238,13448,0,16,0,11,0,14
1240,13451,0,17,0,10,0,14
1242,13456,0,14,0,12,0,14
1244,13464,0,14,0,13,0,14
1246,13474,0,14,0,13,0,14
1248,13482,0,13,0,14,0,14
1250,13484,0,12,0,13,0,14
1252,13491,0,11,0,11,8,14
1254,13499,0,14,0,10,3,14
1256,13504,0,14,0,10,0,14
1258,13508,0,15,0,9,2,14
1260,13509,0,16,0,9,3,14
1262,13513,0,16,0,10,1,14
1264,13519,0,18,0,10,1,14
1266,13524,0,17,0,11,1,14
1268,13528,0,14,0,11,2,14
1270,13531,0,14,0,10,2,14
1272,13533,0,13,0,10,1,14
1274,13535,0,13,0,7,2,14
1276,13539,0,14,0,6,2,14
1278,13546,0,13,0,7,3,14
1280,13555,0,13,0,7,2,14
1282,13562,0,14,0,7,3,14
1284,13568,0,16,0,6,1,14
1286,13573,0,15,0,6,2,15
1288,13578,0,15,0,6,2,15
1290,13587,0,17,0,7,3,15
1292,13591,0,15,0,8,4,16
1294,13594,0,14,0,8,2,16
1296,13597,0,14,0,8,3,16
1298,13601,0,14,0,9,2,16
1300,13609,0,13,0,11,2,16
1302,13610,0,11,0,9,1,16
1304,13617,0,10,0,9,2,16
1306,13623,0,9,0,9,2,16
1308,13628,0,8,0,11,0,16
1310,13632,0,8,0,12,0,16
1312,13635,0,9,0,15,0,16
1314,13637,0,7,0,13,0,16
1316,13639,0,6,0,14,2,17
1318,13649,0,6,0,14,5,17
1320,13652,0,6,0,12,4,17
1322,13656,0,7,0,13,1,18
1324,13659,0,8,0,13,4,18
1326,13667,0,6,0,13,5,18
1328,13671,0,6,0,14,3,18
1330,13674,0,6,0,14,6,18
1332,13676,0,6,0,13,4,18
1334,13679,0,7,0,13,9,19
1336,13687,0,8,0,12,5,19
1338,13692,0,8,0,17,1,19
1340,13694,0,8,0,19,6,19
1342,13700,0,7,0,20,2,19
1344,13709,0,8,0,21,5,20
1346,13718,0,8,0,22,6,20
1348,13728,0,9,0,24,1,21
1350,13731,0,13,0,23,2,21
1352,13741,0,12,0,23,1,21
1354,13745,0,11,0,23,4,21
1356,13749,0,13,0,22,3,22
1358,13757,0,13,0,22,1,22
1360,13769,0,16,0,22,0,23
1362,13772,0,17,0,24,0,23
1364,13774,0,18,0,23,0,23
1366,13779,0,18,0,22,4,23
1368,13784,0,18,0,22,0,23
1370,13791,0,19,0,24,1,24
1372,13797,0,20,0,26,2,24
1374,13805,0,18,0,22,1,24
1376,13812,0,18,0,22,2,24
1378,13821,0,21,0,21,2,25
1380,13825,0,21,0,19,1,25
1382,13830,0,20,0,19,1,25
1384,13833,0,17,0,20,2,25
1386,13835,0,16,0,18,4,25
1388,13842,0,16,0,18,2,25
1390,13853,0,17,0,16,4,25
1392,13857,0,17,0,18,0,25
1394,13863,0,19,0,19,1,26
1396,13869,0,17,0,19,4,26
1398,13872,0,14,0,19,1,26
1400,13877,0,15,0,22,0,27
1402,13882,0,14,0,19,0,27
1404,13888,0,16,0,20,0,27
1406,13896,0,18,0,24,0,27
1408,13908,0,18,0,18,0,27
1410,13915,0,18,0,17,0,27
1412,13917,0,16,0,19,0,27
1414,13926,0,15,0,21,0,27
1416,13930,0,17,0,21,0,27
1418,13934,0,19,0,21,0,27
1420,13940,0,19,0,20,0,27
1422,13946,0,19,0,19,0,27
1424,13949,0,18,0,18,0,27
1426,13954,0,18,0,19,0,27
1428,13957,0,19,0,21,0,27
1430,13964,0,21,0,19,0,27
1432,13969,0,22,0,22,0,27
1434,13971,0,20,0,26,0,27
1436,13978,0,18,0,25,0,27
1438,13990,0,19,0,25,0,27
1440,13999,0,17,0,21,0,27
1442,14002,0,17,0,22,0,27
1444,14006,0,17,0,22,0,28
1446,14009,0,15,0,22,0,28
1448,14012,0,16,0,22,0,28
1450,14016,0,18,0,20,0,28
1452,14022,0,17,0,18,0,28
1454,14026,0,18,0,18,1,29
1456,14034,0,19,0,19,0,29
1458,14038,0,19,0,18,3,29
1460,14046,0,18,0,16,1,29
1462,14052,0,16,0,16,0,30
1464,14056,0,17,0,17,5,30
1466,14064,0,17,0,18,0,30
1468,14068,0,16,0,18,1,30
1470,14072,0,19,0,19,0,30
1472,14074,0,19,0,17,2,32
1474,14080,0,19,0,16,0,32
1476,14087,0,22,0,15,1,32
1478,14090,0,24,0,14,1,33
1480,14095,0,23,0,12,2,33
1482,14102,0,24,0,14,1,33
1484,14106,0,25,0,15,2,33
1486,14110,0,24,0,15,1,35
1488,14113,0,24,0,17,0,35
1490,14115,0,23,0,17,0,36
1492,14120,0,25,0,16,3,36
1494,14123,0,24,0,17,3,36
1496,14128,0,24,0,20,2,36
1498,14132,0,24,0,21,0,37
1500,14136,0,24,0,21,1,37
1502,14139,0,23,0,21,0,37
1504,14147,0,25,0,19,1,37
1506,14149,0,25,0,19,2,37
1508,14153,0,24,0,19,1,37
1510,14155,0,22,0,20,2,37
1512,14160,0,23,0,19,1,37
1514,14162,0,22,0,19,1,37
1516,14168,0,21,0,20,0,38
1518,14176,0,22,0,20,1,38
1520,14182,0,23,0,19,1,38
1522,14184,0,22,0,19,0,38
1524,14192,0,22,0,22,0,38
1526,14198,0,24,0,24,1,38
1528,14203,0,25,0,24,0,38
1530,14204,0,21,0,23,2,39
1532,14209,0,23,0,23,1,39
1534,14212,0,20,0,21,0,39
1536,14216,0,20,0,22,0,39
1538,14221,0,21,0,19,0,39
1540,14225,0,21,0,18,0,39
1542,14226,0,19,0,20,0,39
1544,14231,0,19,0,19,0,39
1546,14236,0,19,0,19,0,39
1548,14237,0,17,0,17,1,39
1550,14244,0,18,0,19,0,39
1552,14248,0,17,0,20,3,39
1554,14253,0,19,0,18,4,39
1556,14259,0,19,0,20,1,40
1558,14262,0,23,0,20,0,41
1560,14265,0,24,0,19,1,41
1562,14266,0,22,0,19,0,41
1564,14269,0,23,0,20,0,41
1566,14274,0,19,0,23,0,41
1568,14277,0,21,0,25,0,41
1570,14286,0,20,0,24,0,41
1572,14289,0,19,0,25,0,41
1574,14298,0,19,0,25,0,41
1576,14302,0,20,0,29,0,41
1578,14306,0,19,0,30,0,42
1580,14310,0,18,0,25,0,42
1582,14313,0,22,0,29,0,42
1584,14316,0,22,0,30,0,42
1586,14319,0,19,0,27,0,42
1588,14325,0,20,0,26,0,42
1590,14327,0,21,0,29,0,43
1592,14335,0,18,0,29,0,43
1594,14341,0,16,0,28,0,44
1596,14348,0,15,0,27,0,44
1598,14353,0,16,0,27,0,44
1600,14356,0,15,0,28,1,44
1602,14359,0,18,0,26,1,44
1604,14359,0,17,0,25,2,44
1606,14363,0,18,0,26,2,44
1608,14371,0,21,0,27,1,44
1610,14375,0,24,0,26,1,44
1612,14379,0,23,0,27,1,45
1614,14384,0,23,0,28,2,45
1616,14385,0,23,0,27,1,45
1618,14388,0,21,0,28,1,45
1620,14393,0,26,0,30,3,46
1622,14396,0,28,0,32,1,46
1624,14397,0,25,0,34,1,46
1626,14399,0,27,0,34,3,48
1628,14401,0,30,0,31,1,48
1630,14404,0,31,0,32,1,49
1632,14409,0,27,0,29,0,49
1634,14413,0,28,0,28,0,49
1636,14419,0,28,0,26,2,49
1638,14427,0,34,0,24,0,49
1640,14433,0,31,0,25,0,49
1642,14438,0,28,0,27,2,49
1644,14442,0,29,0,27,2,49
1646,14447,0,26,0,24,0,50
1648,14456,0,26,0,26,1,50
1650,14460,0,28,0,24,1,50
1652,14464,0,28,0,23,2,51
1654,14469,0,29,0,26,2,51
1656,14473,0,31,0,27,2,51
1658,14481,0,30,0,28,0,51
1660,14485,0,30,0,27,0,51
1662,14489,0,29,0,29,0,51
1664,14491,0,28,0,30,1,51
1666,14497,0,28,0,31,2,51
1668,14500,0,26,0,29,0,51
1670,14504,0,26,0,31,2,51
1672,14507,0,25,0,34,1,51
1674,14508,0,26,0,37,4,51
1676,14516,0,30,0,40,0,52
1678,14521,0,32,0,41,0,52
1680,14528,0,29,0,40,0,52
1682,14529,0,30,0,40,2,52
1684,14530,0,30,0,42,2,52
1686,14535,0,29,0,43,2,52
1688,14539,0,28,0,41,0,52
1690,14541,0,28,0,40,0,52
1692,14547,0,30,0,39,0,52
1694,14550,0,32,0,39,3,52
1696,14553,0,33,0,37,3,52
1698,14556,0,34,0,38,0,52
1700,14562,0,34,0,35,2,52
1702,14564,0,33,0,36,1,52
1704,14562,0,36,0,34,0,52
1706,14562,0,37,0,32,5,52
1708,14570,0,36,0,34,3,52
1710,14574,0,39,0,34,2,53
1712,14575,0,39,0,31,1,53
1714,14578,0,36,0,34,3,53
1716,14580,0,35,0,31,2,53
1718,14585,0,35,0,31,1,53
1720,14591,0,38,0,31,1,53
1722,14594,0,39,0,30,0,53
1724,14601,0,42,0,32,1,53
1726,14605,0,40,0,37,1,53
1728,14606,0,40,0,34,1,53
1730,14614,0,39,0,35,0,54
1732,14617,0,38,0,36,0,54
1734,14621,0,35,0,33,1,54
1736,14624,0,33,0,33,0,54
1738,14627,0,33,0,36,0,55
1740,14630,0,30,0,38,0,55
1742,14633,0,28,0,38,3,55
1744,14639,0,28,0,37,4,55
1746,14640,0,28,0,38,1,55
1748,14641,0,28,0,36,2,55
1750,14648,0,26,0,36,0,55
1752,14649,0,26,0,36,1,55
1754,14655,0,28,0,36,0,55
1756,14656,0,30,0,39,3,55
1758,14664,0,32,0,39,4,55
1760,14667,0,31,0,39,0,55
1762,14677,0,30,0,34,3,55
1764,14684,0,31,0,33,0,56
1766,14686,0,30,0,34,2,56
1768,14688,0,31,0,34,0,56
1770,14691,0,29,0,36,2,56
1772,14694,0,28,0,39,3,56
1774,14700,0,28,0,44,2,56
1776,14703,0,28,0,49,3,56
1778,14704,0,28,0,51,6,56
1780,14708,0,29,0,50,6,56
1782,14711,0,29,0,45,0,57
1784,14718,0,26,0,45,4,57
1786,14723,0,26,0,45,5,57
1788,14724,0,27,0,47,3,57
1790,14731,0,31,0,47,1,57
1792,14737,0,33,0,46,2,57
1794,14740,0,35,0,46,3,57
1796,14744,0,35,0,45,2,58
1798,14750,0,33,0,45,0,58
1800,14757,0,37,0,44,1,58
1802,14763,0,39,0,48,1,59
1804,14767,0,37,0,45,0,59
1806,14768,0,37,0,44,1,59
1808,14772,0,36,0,44,0,59
1810,14773,0,35,0,42,0,60
1812,14777,0,34,0,40,0,60
1814,14780,0,34,0,39,0,60
1816,14785,0,36,0,39,0,60
1818,14789,0,39,0,41,2,61
1820,14793,0,37,0,44,1,61
1822,14795,0,36,0,40,0,62
1824,14801,0,38,0,40,1,63
1826,14803,0,42,0,42,0,64
1828,14808,0,44,0,40,0,64
1830,14809,0,45,0,39,1,64
1832,14812,0,46,0,41,1,64
1834,14812,0,50,0,42,2,64
1836,14820,0,49,0,38,1,64
1838,14827,0,49,0,37,0,64
1840,14829,0,45,0,38,0,64
1842,14830,0,46,0,36,0,64
1844,14835,0,49,0,36,1,64
1846,14839,0,50,0,35,1,65
1848,14840,0,53,0,39,1,65
1850,14845,0,54,0,38,1,65
1852,14852,0,56,0,37,3,65
1854,14853,0,55,0,38,0,65
1856,14857,0,50,0,39,1,66
1858,14866,0,46,0,35,1,66
1860,14869,0,44,0,38,1,66
1862,14875,0,41,0,37,1,66
1864,14878,0,36,0,40,0,66
1866,14883,0,37,0,41,0,66
1868,14885,0,37,0,39,2,66
1870,14887,0,37,0,42,0,67
1872,14893,0,38,0,40,0,68
1874,14895,0,41,0,36,1,68
1876,14899,0,46,0,35,0,69
1878,14901,0,48,0,38,1,70
1880,14902,0,45,0,40,3,70
1882,14907,0,45,0,43,1,70
1884,14913,0,53,0,43,2,70
1886,14915,0,51,0,44,1,71
1888,14918,0,51,0,41,0,71
1890,14920,0,49,0,42,0,71
1892,14925,0,46,0,43,0,71
1894,14926,0,43,0,42,1,72
1896,14934,0,48,0,38,1,73
1898,14941,0,50,0,37,1,73
1900,14945,0,48,0,37,0,74
1902,14948,0,50,0,38,1,75
1904,14952,0,49,0,38,1,75
1906,14957,0,48,0,36,0,76
1908,14961,0,45,0,38,0,76
1910,14967,0,42,0,43,1,76
1912,14973,0,44,0,42,1,76
1914,14976,0,46,0,45,1,76
1916,14977,0,45,0,44,2,76
1918,14981,0,44,0,41,0,76
1920,14983,0,42,0,40,1,78
1922,14982,0,38,0,42,0,78
1924,14987,0,38,0,42,0,78
1926,14988,0,42,0,39,0,79
1928,14989,0,39,0,41,1,79
1930,14993,0,39,0,43,0,79
1932,14997,0,39,0,43,0,79
1934,15002,0,38,0,45,1,79
1936,15005,0,41,0,44,0,79
1938,15009,0,44,0,46,1,79
1940,15012,0,48,0,45,1,79
1942,15016,0,46,0,44,0,79
1944,15016,0,47,0,45,2,80
1946,15019,0,49,0,41,0,81
1948,15019,0,47,0,40,0,81
1950,15020,0,44,0,41,0,81
1952,15025,0,43,0,44,0,81
1954,15030,0,42,0,42,2,81
1956,15032,0,37,0,41,1,82
1958,15034,0,38,0,40,0,83
1960,15039,0,36,0,42,3,84
1962,15042,0,37,0,43,3,85
1964,15046,0,38,0,45,2,85
1966,15052,0,37,0,43,1,85
1968,15059,0,40,0,45,1,85
1970,15063,0,40,0,51,1,85
1972,15062,0,41,0,47,0,87
1974,15066,0,41,0,42,2,87
1976,15071,0,41,0,43,1,87
1978,15074,0,42,0,41,2,87
1980,15077,0,43,0,41,0,87
1982,15082,0,43,0,38,0,87
1984,15086,0,43,0,39,0,87
1986,15094,0,46,0,40,2,87
1988,15095,0,49,0,40,4,88
1990,15100,0,50,0,37,1,88
1992,15104,0,47,0,40,3,89
1994,15109,0,47,0,39,0,89
1996,15110,0,50,0,40,2,89
1998,15114,0,48,0,38,3,89
2000,15114,0,53,0,38,0,90
2002,15116,0,50,0,36,0,90
2004,15121,0,51,0,39,0,90
2006,15129,0,50,0,39,0,90
2008,15132,0,51,0,43,1,90
2010,15132,0,54,0,51,0,91
2012,15138,0,51,0,48,0,91
2014,15145,0,47,0,42,0,92
2016,15148,0,51,0,46,2,93
2018,15149,0,52,0,45,0,95
2020,15157,0,52,0,47,2,95
2022,15162,0,52,0,44,4,96
2024,15167,0,49,0,51,0,97
2026,15171,0,52,0,50,1,97
2028,15176,0,53,0,46,1,98
2030,15182,0,53,0,43,2,98
2032,15186,0,54,0,52,5,98
2034,15187,0,54,0,52,0,98
2036,15192,0,58,0,51,0,98
2038,15196,0,55,0,54,2,98
2040,15199,0,54,0,55,0,99
2042,15208,0,59,0,55,3,100
2044,15207,0,59,0,54,1,100
2046,15211,0,63,0,55,2,100
2048,15217,0,66,0,50,1,100
2050,15224,0,67,0,51,0,101
2052,15230,0,62,0,52,0,101
2054,15233,0,58,0,50,1,101
2056,15233,0,57,0,45,0,101
2058,15235,0,57,0,47,0,101
2060,15232,0,61,0,49,0,101
2062,15235,0,60,0,49,1,101
2064,15243,0,60,0,48,0,101
2066,15247,0,60,0,49,1,101
2068,15250,0,59,0,46,0,101
2070,15252,0,63,0,50,0,101
2072,15252,0,61,0,47,0,102
2074,15258,0,60,0,45,1,103
2076,15263,0,56,0,46,0,103
2078,15266,0,60,0,44,0,104
2080,15272,0,59,0,48,1,104
2082,15273,0,60,0,50,0,104
2084,15282,0,59,0,53,0,104
2086,15285,0,60,0,54,2,104
2088,15288,0,61,0,53,0,104
2090,15289,0,60,0,50,1,104
2092,15293,0,59,0,52,0,104
2094,15296,0,61,0,50,1,105
2096,15302,0,68,0,50,0,105
2098,15312,0,69,0,54,0,106
2100,15316,0,72,0,54,0,107
2102,15319,0,68,0,53,0,107
2104,15321,0,74,0,51,0,107
2106,15324,0,75,0,52,0,107
2108,15329,0,75,0,52,0,107
2110,15333,0,72,0,53,0,107
2112,15333,0,68,0,52,0,107
2114,15339,0,74,0,51,0,107
2116,15343,0,69,0,55,0,107
2118,15352,0,65,0,50,0,108
2120,15352,0,65,0,45,1,108
2122,15356,0,62,0,42,1,108
2124,15357,0,58,0,42,0,109
2126,15361,0,58,0,42,4,109
2128,15366,0,58,0,44,5,109
2130,15370,0,58,0,44,1,109
2132,15376,0,59,0,48,1,110
2134,15378,0,65,0,42,0,110
2136,15381,0,65,0,43,0,111
2138,15383,0,65,0,44,1,111
2140,15382,0,67,0,51,0,111
2142,15384,0,70,0,48,1,113
2144,15387,0,70,0,49,1,113
2146,15392,0,72,0,48,1,113
2148,15395,0,70,0,44,0,113
2150,15396,0,72,0,49,1,115
2152,15399,0,68,0,51,0,115
2154,15400,0,69,0,58,1,115
2156,15401,0,67,0,61,1,115
2158,15401,0,65,0,57,2,116
2160,15400,0,66,0,57,0,116
2162,15405,0,64,0,61,1,116
2164,15406,0,60,0,62,0,116
2166,15410,0,61,0,62,1,117
2168,15414,0,59,0,61,0,118
2170,15414,0,60,0,62,1,118
2172,15411,0,54,0,63,0,118
2174,15413,0,55,0,62,3,118
2176,15418,0,56,0,62,2,118
2178,15423,0,60,0,67,4,120
2180,15426,0,58,0,67,0,120
2182,15432,0,57,0,73,2,121
2184,15434,0,58,0,67,2,122
2186,15436,0,64,0,66,0,122
2188,15442,0,60,0,69,3,122
2190,15443,0,62,0,66,0,123
2192,15448,0,61,0,65,2,123
2194,15452,0,59,0,63,1,124
2196,15454,0,51,0,65,3,125
2198,15458,0,49,0,66,0,127
2200,15467,0,47,0,70,1,127
2202,15471,0,50,0,66,0,127
2204,15474,0,49,0,66,0,127
2206,15480,0,51,0,69,0,127
2208,15485,0,52,0,70,0,127
2210,15490,0,54,0,70,0,127
2212,15493,0,57,0,74,0,127
2214,15496,0,59,0,78,0,128
2216,15500,0,59,0,81,0,129
2218,15501,0,60,0,81,0,129
2220,15504,0,59,0,82,0,129
2222,15508,0,61,0,80,1,130
2224,15513,0,61,0,83,0,131
2226,15516,0,57,0,81,1,131
2228,15519,0,63,0,79,1,131
2230,15528,0,69,0,75,0,131
2232,15529,0,67,0,78,0,131
2234,15532,0,71,0,75,1,131
2236,15536,0,74,0,79,0,131
2238,15538,0,74,0,75,0,131
2240,15542,0,72,0,74,0,134
2242,15542,0,68,0,69,0,134
2244,15544,0,67,0,68,0,135
2246,15547,0,67,0,70,3,135
2248,15549,0,62,0,71,2,136
2250,15552,0,61,0,74,1,136
2252,15560,0,62,0,77,2,137
2254,15562,0,62,0,77,0,137
2256,15566,0,61,0,78,0,138
2258,15568,0,64,0,72,0,138
2260,15574,0,60,0,74,0,138
2262,15578,0,66,0,78,2,138
2264,15582,0,66,0,75,1,139
2266,15588,0,73,0,69,0,139
2268,15588,0,71,0,70,1,139
2270,15595,0,76,0,67,0,140
2272,15605,0,72,0,64,1,140
2274,15611,0,78,0,67,0,140
2276,15618,0,76,0,65,2,140
2278,15620,0,81,0,62,1,140
2280,15621,0,79,0,55,0,140
2282,15621,0,74,0,57,3,140
2284,15619,0,73,0,55,0,140
2286,15621,0,68,0,55,1,140
2288,15623,0,65,0,50,1,141
2290,15626,0,68,0,52,0,142
2292,15625,0,65,0,53,0,142
2294,15632,0,61,0,52,1,142
2296,15635,0,63,0,51,2,142
2298,15636,0,66,0,51,2,142
2300,15635,0,67,0,46,2,142
2302,15637,0,68,0,46,0,142
2304,15639,0,67,0,43,1,143
2306,15641,0,70,0,47,0,143
2308,15639,0,73,0,45,0,143
2310,15643,0,69,0,51,1,143
2312,15642,0,66,0,54,2,144
2314,15646,0,65,0,53,2,145
2316,15649,0,63,0,56,1,145
2318,15647,0,64,0,58,0,146
2320,15645,0,64,0,54,1,147
2322,15646,0,64,0,49,2,147
2324,15649,0,63,0,59,7,147
2326,15652,0,66,0,64,2,147
2328,15656,0,68,0,62,1,148
2330,15659,0,66,0,65,1,148
2332,15664,0,67,0,62,0,148
2334,15663,0,64,0,67,3,148
2336,15665,0,66,0,68,2,148
2338,15665,0,66,0,66,1,148
2340,15665,0,65,0,71,2,148
2342,15665,0,67,0,69,1,149
2344,15664,0,70,0,71,1,150
2346,15666,0,72,0,71,0,150
2348,15661,0,70,0,66,3,150
2350,15664,0,66,0,65,4,150
2352,15665,0,72,0,67,2,150
2354,15663,0,72,0,74,1,151
2356,15667,0,73,0,75,3,151
2358,15674,0,76,0,78,2,151
2360,15676,0,75,0,76,2,151
2362,15676,0,72,0,80,3,151
2364,15684,0,69,0,74,3,151
2366,15685,0,71,0,78,1,151
2368,15685,0,71,0,84,1,151
2370,15686,0,78,0,87,1,151
2372,15686,0,86,0,89,0,151
2374,15691,0,88,0,91,1,151
2376,15693,0,87,0,87,2,151
2378,15696,0,86,0,82,2,151
2380,15698,0,95,0,81,1,152
2382,15694,0,101,0,84,0,153
2384,15693,0,97,0,87,0,153
2386,15693,0,96,0,85,3,153
2388,15693,0,97,0,91,3,154
2390,15696,0,93,0,95,0,155
2392,15700,0,90,0,95,1,155
2394,15700,0,92,0,88,0,155
2396,15703,0,94,0,87,1,156
2398,15699,0,89,0,91,1,156
2400,15705,0,88,0,87,1,156
2402,15703,0,84,0,87,0,156
2404,15706,0,79,0,90,2,156
2406,15711,0,85,0,87,2,156
2408,15713,0,89,0,86,0,156
2410,15715,0,88,0,80,2,156
2412,15717,0,91,0,81,1,156
2414,15724,0,89,0,79,1,156
2416,15726,0,92,0,82,0,157
2418,15726,0,91,0,79,0,159
2420,15728,0,91,0,82,0,160
2422,15732,0,89,0,84,1,160
2424,15737,0,92,0,85,0,161
2426,15738,0,88,0,85,3,161
2428,15740,0,87,0,79,1,161
2430,15744,0,90,0,78,0,162
2432,15749,0,88,0,78,0,162
2434,15753,0,88,0,83,0,164
2436,15754,0,83,0,82,0,164
2438,15752,0,86,0,79,2,164
2440,15758,0,86,0,83,1,165
2442,15764,0,82,0,84,0,165
2444,15766,0,86,0,87,1,166
2446,15768,0,81,0,90,3,166
2448,15772,0,84,0,92,0,166
2450,15775,0,88,0,90,1,166
2452,15778,0,91,0,87,1,166
2454,15779,0,97,0,88,0,166
2456,15780,0,98,0,86,1,166
2458,15779,0,101,0,90,1,166
2460,15783,0,99,0,89,0,166
2462,15788,0,97,0,90,1,166
2464,15793,0,93,0,89,0,167
2466,15795,0,97,0,90,1,167
2468,15799,0,95,0,89,1,168
2470,15799,0,91,0,91,1,168
2472,15804,0,91,0,92,1,168
2474,15802,0,88,0,89,1,168
2476,15803,0,88,0,92,0,169
2478,15805,0,85,0,92,1,170
2480,15807,0,89,0,89,2,170
2482,15808,0,89,0,85,0,170
2484,15814,0,87,0,84,0,170
2486,15820,0,88,0,79,1,170
2488,15820,0,88,0,83,0,170
2490,15822,0,92,0,80,0,170
2492,15821,0,91,0,75,1,170
2494,15817,0,86,0,85,0,170
2496,15819,0,85,0,86,0,170
2498,15819,0,87,0,80,4,170
2500,15820,0,88,0,81,1,170
2502,15816,0,86,0,80,4,170
2504,15816,0,82,0,75,0,170
2506,15817,0,80,0,81,1,171
2508,15820,0,81,0,72,2,172
2510,15819,0,82,0,78,2,172
2512,15819,0,82,0,74,2,172
2514,15824,0,85,0,75,3,172
2516,15827,0,87,0,72,1,172
2518,15827,0,85,0,74,6,174
2520,15826,0,84,0,73,3,174
2522,15833,0,78,0,72,2,174
2524,15833,0,79,0,73,0,174
2526,15832,0,76,0,82,2,176
2528,15833,0,78,0,79,1,176
2530,15836,0,83,0,79,0,176
2532,15839,0,87,0,78,1,176
2534,15845,0,86,0,85,3,176
2536,15847,0,81,0,87,4,176
2538,15845,0,83,0,86,1,176
2540,15846,0,83,0,83,0,176
2542,15850,0,81,0,78,1,176
2544,15852,0,80,0,76,3,176
2546,15851,0,76,0,78,7,176
2548,15854,0,75,0,83,2,176
2550,15855,0,75,0,82,2,176
2552,15857,0,77,0,74,0,177
2554,15860,0,79,0,77,1,177
2556,15862,0,86,0,72,1,177
2558,15865,0,86,0,72,0,177
2560,15868,0,87,0,72,2,177
2562,15871,0,85,0,72,0,177
2564,15875,0,88,0,74,3,178
2566,15874,0,83,0,73,1,179
2568,15879,0,83,0,73,1,179
2570,15883,0,81,0,67,0,179
2572,15885,0,81,0,73,0,179
2574,15890,0,81,0,77,0,179
2576,15888,0,83,0,77,0,179
2578,15893,0,87,0,81,2,179
2580,15895,0,92,0,83,0,179
2582,15894,0,89,0,81,1,179
2584,15898,0,82,0,83,0,179
2586,15899,0,88,0,82,2,179
2588,15902,0,88,0,83,0,179
2590,15902,0,87,0,79,1,179
2592,15905,0,90,0,80,0,179
2594,15907,0,94,0,71,0,180
2596,15911,0,93,0,72,0,180
2598,15912,0,92,0,77,0,180
2600,15912,0,89,0,77,1,180
2602,15912,0,82,0,81,0,180
2604,15912,0,80,0,82,1,180
2606,15917,0,77,0,84,1,180
2608,15919,0,84,0,84,0,181
2610,15922,0,80,0,83,1,182
2612,15927,0,78,0,83,0,182
2614,15930,0,78,0,80,1,182
2616,15933,0,75,0,83,1,182
2618,15934,0,73,0,81,0,182
2620,15939,0,74,0,85,0,182
2622,15942,0,78,0,83,0,182
2624,15940,0,76,0,79,0,182
2626,15945,0,68,0,93,1,182
2628,15947,0,71,0,95,1,182
2630,15947,0,71,0,88,0,182
2632,15947,0,78,0,84,1,182
2634,15948,0,81,0,89,1,182
2636,15953,0,78,0,92,4,183
2638,15958,0,75,0,95,0,183
2640,15963,0,72,0,90,0,184
2642,15964,0,72,0,84,0,184
2644,15962,0,73,0,84,0,184
2646,15967,0,75,0,81,5,184
2648,15969,0,75,0,84,2,184
2650,15977,0,75,0,87,0,185
2652,15980,0,78,0,85,2,185
2654,15984,0,82,0,82,0,185
2656,15987,0,79,0,83,0,186
2658,15991,0,75,0,88,2,186
2660,15993,0,80,0,85,2,187
2662,15995,0,80,0,91,0,187
2664,16002,0,84,0,87,0,187
2666,16005,0,89,0,95,1,187
2668,16007,0,91,0,94,0,187
2670,16007,0,91,0,92,0,188
2672,16006,0,90,0,87,0,188
2674,16008,0,89,0,89,0,188
2676,16012,0,84,0,90,0,188
2678,16012,0,79,0,91,1,188
2680,16013,0,84,0,91,1,188
2682,16015,0,87,0,90,1,189
2684,16019,0,86,0,93,1,190
2686,16023,0,85,0,86,0,190
2688,16028,0,83,0,87,1,191
2690,16031,0,82,0,88,1,191
2692,16033,0,82,0,89,1,191
2694,16032,0,82,0,93,0,191
2696,16036,0,81,0,90,0,193
2698,16036,0,78,0,95,1,193
2700,16039,0,79,0,98,3,193
2702,16040,0,78,0,90,0,193
2704,16042,0,76,0,91,3,193
2706,16043,0,76,0,93,4,193
2708,16041,0,74,0,94,3,193
2710,16040,0,75,0,86,0,194
2712,16038,0,72,0,87,0,195
2714,16040,0,75,0,89,2,197
2716,16041,0,71,0,89,4,197
2718,16043,0,72,0,95,2,197
2720,16047,0,76,0,87,1,197
2722,16051,0,82,0,91,0,198
2724,16055,0,87,0,97,0,198
2726,16058,0,90,0,98,1,198
2728,16061,0,90,0,102,1,198
2730,16065,0,87,0,108,1,198
2732,16067,0,86,0,103,0,198
2734,16067,0,83,0,106,1,198
2736,16070,0,80,0,100,2,198
2738,16073,0,83,0,99,1,198
2740,16071,0,87,0,92,0,198
2742,16070,0,92,0,91,0,198
2744,16068,0,95,0,88,2,198
2746,16067,0,96,0,88,1,198
2748,16070,0,93,0,87,1,198
2750,16073,0,93,0,89,1,198
2752,16077,0,92,0,92,0,198
2754,16078,0,95,0,94,0,198
2756,16080,0,99,0,95,1,198
2758,16083,0,97,0,93,0,198
2760,16081,0,100,0,88,2,198
2762,16083,0,95,0,92,1,198
2764,16083,0,95,0,89,1,198
2766,16085,0,95,0,92,1,198
2768,16088,0,100,0,94,1,199
2770,16093,0,101,0,96,2,199
2772,16093,0,101,0,98,1,199
2774,16093,0,102,0,93,1,200
2776,16095,0,101,0,100,2,200
2778,16096,0,104,0,96,5,200
2780,16098,0,105,0,98,2,200
2782,16092,0,108,0,91,4,201
2784,16094,0,108,0,94,0,201
2786,16097,0,101,0,99,1,201
2788,16094,0,102,0,97,1,201
2790,16097,0,96,0,95,1,201
2792,16100,0,97,0,94,1,201
2794,16104,0,93,0,97,4,202
2796,16106,0,94,0,96,0,202
2798,16105,0,90,0,96,1,202
2800,16101,0,94,0,92,1,202
2802,16103,0,94,0,96,0,202
2804,16105,0,97,0,95,1,202
2806,16107,0,100,0,94,2,202
2808,16109,0,106,0,93,2,202
2810,16105,0,107,0,93,0,202
2812,16111,0,111,0,85,2,202
2814,16110,0,107,0,84,0,203
2816,16112,0,107,0,80,0,203
2818,16111,0,108,0,83,0,203
2820,16114,0,107,0,83,1,203
2822,16118,0,103,0,85,1,203
2824,16119,0,105,0,86,1,203
2826,16124,0,108,0,85,0,203
2828,16126,0,103,0,84,0,203
2830,16130,0,98,0,92,0,203
2832,16137,0,100,0,93,1,203
2834,16137,0,91,0,93,2,203
2836,16140,0,84,0,95,1,204
2838,16145,0,81,0,88,1,204
2840,16146,0,85,0,92,1,204
2842,16148,0,87,0,93,0,204
2844,16151,0,87,0,94,1,204
2846,16154,0,84,0,99,0,204
2848,16156,0,83,0,96,1,204
2850,16157,0,87,0,97,3,204
2852,16155,0,90,0,96,1,206
2854,16156,0,93,0,97,4,206
2856,16157,0,96,0,94,0,206
2858,16161,0,103,0,94,2,206
2860,16162,0,102,0,92,2,206
2862,16168,0,102,0,94,0,206
2864,16171,0,100,0,97,2,206
2866,16175,0,99,0,95,0,207
2868,16179,0,98,0,92,2,207
2870,16181,0,93,0,94,2,207
2872,16186,0,94,0,92,0,207
2874,16189,0,92,0,93,0,209
2876,16189,0,86,0,93,0,209
2878,16192,0,79,0,87,0,209
2880,16194,0,77,0,87,1,209
2882,16197,0,79,0,89,1,209
2884,16197,0,79,0,89,1,209
2886,16194,0,80,0,91,2,209
2888,16194,0,83,0,87,2,209
2890,16195,0,86,0,82,0,209
2892,16195,0,83,0,86,0,209
2894,16193,0,82,0,87,0,209
2896,16196,0,83,0,87,1,209
2898,16196,0,87,0,87,4,209
2900,16199,0,87,0,83,1,209
2902,16204,0,94,0,83,0,209
2904,16202,0,90,0,91,0,209
2906,16202,0,89,0,87,1,209
2908,16204,0,83,0,92,0,209
2910,16205,0,81,0,98,2,209
2912,16207,0,84,0,104,1,209
2914,16213,0,88,0,95,0,209
2916,16215,0,89,0,92,2,209
2918,16218,0,90,0,99,0,209
2920,16221,0,91,0,97,3,209
2922,16222,0,94,0,93,1,210
2924,16221,0,95,0,92,2,210
2926,16223,0,92,0,92,1,210
2928,16225,0,92,0,95,0,211
2930,16227,0,91,0,96,1,211
2932,16230,0,91,0,98,2,211
2934,16231,0,89,0,98,1,211
2936,16236,0,94,0,100,1,211
2938,16236,0,97,0,99,0,211
2940,16237,0,98,0,96,0,211
2942,16237,0,99,0,95,1,211
2944,16236,0,102,0,100,0,211
2946,16242,0,104,0,108,1,211
2948,16245,0,109,0,104,0,211
2950,16246,0,107,0,110,0,211
2952,16249,0,101,0,108,2,211
2954,16249,0,105,0,107,0,211
2956,16252,0,107,0,111,1,211
2958,16254,0,101,0,111,2,212
2960,16252,0,103,0,108,0,212
2962,16256,0,102,0,108,0,213
2964,16260,0,101,0,107,2,213
2966,16264,0,99,0,107,1,213
2968,16267,0,95,0,116,1,213
2970,16271,0,95,0,115,1,214
2972,16272,0,93,0,114,1,214
2974,16273,0,89,0,116,2,214
2976,16273,0,86,0,110,0,214
2978,16277,0,97,0,107,0,214
2980,16276,0,95,0,115,0,214
2982,16275,0,96,0,107,0,214
2984,16278,0,93,0,105,0,215
2986,16281,0,93,0,103,0,215
2988,16282,0,90,0,103,0,215
2990,16284,0,94,0,100,1,215
2992,16288,0,93,0,98,0,216
2994,16291,0,97,0,95,1,216
2996,16294,0,98,0,86,1,216
2998,16294,0,95,0,84,0,217
3000,16297,0,101,0,80,1,217
3002,16299,357,104,0,81,1,218
3004,16300,351,108,0,89,1,218
3006,16303,368,110,0,88,3,218
3008,16304,373,107,0,85,0,218
3010,16308,386,110,0,93,4,218
3012,16313,392,105,0,95,1,218
3014,16315,396,108,0,96,6,218
3016,16319,409,106,0,98,4,220
3018,16320,415,113,0,98,7,220
3020,16318,411,120,0,99,2,220
3022,16318,419,131,0,102,2,220
3024,16322,417,130,0,105,2,220
3026,16323,412,134,0,102,3,220
3028,16322,403,143,0,108,2,220
3030,16325,391,139,2,111,0,220
3032,16326,371,143,3,112,4,220
3034,16325,346,151,4,113,1,220
3036,16331,316,158,4,111,2,220
3038,16329,287,150,4,105,2,220
3040,16329,257,147,4,103,2,221
3042,16330,220,160,7,98,4,221
3044,16336,171,164,14,101,5,221
3046,16338,124,161,16,102,2,222
3048,16340,78,160,27,102,5,222
3050,16341,54,155,31,104,4,222
3052,16346,31,157,40,102,5,222
3054,16347,13,158,64,106,5,222
3056,16349,11,153,86,107,4,222
3058,16353,9,155,110,109,1,222
3060,16353,7,146,122,104,3,222
3062,16357,6,136,148,102,6,222
3064,16357,5,130,172,109,2,222
3066,16357,3,128,188,111,1,222
3068,16359,3,116,196,113,4,222
3070,16360,2,113,213,111,7,222
3072,16364,2,118,220,103,6,222
3074,16369,2,122,227,108,4,222
3076,16373,2,128,226,106,5,222
3078,16374,2,124,234,101,5,222
3080,16374,2,122,223,108,4,223
3082,16379,2,119,212,100,1,224
3084,16381,2,116,209,103,6,224
3086,16383,2,117,201,98,3,226
3088,16385,1,114,189,91,3,226
3090,16390,1,113,190,89,2,226
3092,16392,1,112,187,92,2,226
3094,16390,1,117,187,92,4,226
3096,16390,1,116,189,98,0,226
3098,16391,1,114,187,101,6,226
3100,16395,1,117,183,100,3,226
3102,16399,220,118,43,102,4,226
3104,16400,214,120,46,101,4,227
3106,16398,202,128,51,105,1,227
3108,16398,191,133,55,98,1,228
3110,16398,186,137,52,99,3,228
3112,16397,176,133,54,106,6,228
3114,16399,176,137,54,107,1,228
3116,16398,161,140,56,104,2,229
3118,16399,151,140,67,102,4,229
3120,16399,138,140,73,101,2,229
3122,16399,118,135,78,101,2,229
3124,16398,104,133,79,100,3,229
3126,16398,93,133,83,104,2,229
3128,16398,77,130,85,102,2,229
3130,16402,66,132,78,107,2,229
3132,16407,52,128,85,107,3,229
3134,16407,35,128,86,105,6,229
3136,16406,23,116,84,108,2,229
3138,16411,18,112,92,110,1,229
3140,16413,13,118,88,108,2,229
3142,16415,11,114,98,103,4,229
3144,16417,10,117,108,104,2,230
3146,16423,7,115,107,105,0,230
3148,16428,7,108,112,116,1,230
3150,16433,7,105,116,109,3,230
3152,16436,6,106,116,105,1,230
3154,16438,5,107,109,104,3,230
3156,16442,5,103,110,98,6,230
3158,16444,5,105,108,91,2,230
3160,16446,3,106,107,95,1,231
3162,16445,3,106,107,98,3,231
3164,16450,3,107,103,94,1,231
3166,16452,3,104,100,88,4,231
3168,16455,3,102,100,87,1,231
3170,16460,3,100,99,85,0,231
3172,16463,3,97,89,79,3,231
3174,16464,3,105,95,78,3,231
3176,16466,2,102,93,80,1,231
3178,16470,2,105,92,86,3,231
3180,16472,1,103,88,85,4,231
3182,16473,1,94,80,87,2,231
3184,16475,1,93,83,90,1,232
3186,16475,1,96,83,92,2,232
3188,16478,1,90,79,94,2,232
3190,16479,1,87,77,96,5,232
3192,16483,1,86,71,97,0,232
3194,16487,1,87,63,100,7,233
3196,16491,1,92,64,101,1,233
3198,16491,0,93,62,106,3,233
3200,16492,0,89,59,103,1,233
3202,16495,0,90,56,108,2,233
3204,16497,0,94,55,110,2,233
3206,16497,0,95,53,111,5,233
3208,16497,0,93,48,110,4,234
3210,16498,0,100,44,108,1,234
3212,16501,0,99,40,112,2,234
3214,16502,0,93,39,112,2,236
3216,16503,0,97,37,113,0,236
3218,16506,0,97,35,109,0,236
3220,16505,0,103,31,108,3,236
3222,16512,0,107,28,114,1,236
3224,16514,0,98,27,112,3,236
3226,16513,0,98,24,113,2,236
3228,16516,0,100,22,115,1,236
3230,16519,0,105,19,117,1,236
3232,16514,0,106,17,113,3,236
3234,16512,0,104,15,116,1,236
3236,16511,0,105,14,113,1,237
3238,16513,0,104,13,117,2,237
3240,16518,0,112,12,119,0,238
3242,16514,0,108,12,122,0,238
3244,16513,0,113,12,119,0,239
3246,16512,0,111,11,116,0,239
3248,16511,0,117,11,115,1,239
3250,16513,0,116,11,108,2,239
3252,16520,0,117,9,108,0,239
3254,16521,0,115,9,110,1,239
3256,16525,0,112,9,114,1,239
3258,16529,0,113,9,118,0,240
3260,16533,0,108,8,111,0,240
3262,16533,0,110,6,112,1,240
3264,16539,0,116,6,110,3,241
3266,16544,0,115,6,107,2,242
3268,16545,0,114,6,106,1,242
3270,16547,0,118,6,104,0,242
3272,16550,0,119,5,100,2,242
3274,16547,0,115,4,99,2,242
3276,16546,0,117,3,98,0,242
3278,16542,0,113,2,103,0,242
3280,16543,0,114,2,102,1,242
3282,16543,0,122,2,111,1,242
3284,16546,0,119,2,105,0,242
3286,16545,0,110,2,107,1,242
3288,16548,0,110,1,106,0,242
3290,16552,0,110,1,105,0,243
3292,16555,0,111,1,105,0,243
3294,16560,0,112,1,104,1,243
3296,16563,0,106,1,108,0,245
3298,16563,0,105,1,113,1,245
3300,16562,0,109,1,114,0,245
3302,16563,0,106,1,113,4,245
3304,16565,0,109,1,118,0,245
3306,16569,0,113,1,118,1,246
3308,16568,0,108,1,124,3,246
3310,16570,0,107,1,120,1,246
3312,16572,0,104,1,117,3,246
3314,16571,0,107,1,119,1,246
3316,16575,0,109,1,119,0,246
3318,16576,0,107,1,121,2,247
3320,16580,0,109,1,116,0,247
3322,16577,0,112,1,116,1,247
3324,16574,0,109,0,118,4,247
3326,16574,0,108,0,117,1,247
3328,16574,0,105,0,115,0,247
3330,16579,0,103,0,118,0,247
3332,16579,0,101,0,113,3,247
3334,16578,0,102,0,119,2,247
3336,16577,0,104,0,120,1,248
3338,16576,0,107,0,120,3,248
3340,16580,0,111,0,121,0,249
3342,16580,0,105,0,124,0,250
3344,16583,0,101,0,119,3,250
3346,16585,0,101,0,126,2,250
3348,16588,0,99,0,115,1,250
3350,16589,0,97,0,120,1,250
3352,16594,0,96,0,118,2,250
3354,16595,0,98,0,114,1,250
3356,16597,0,104,0,114,0,250
3358,16597,0,98,0,112,2,250
3360,16600,0,93,0,109,1,250
3362,16600,0,99,0,108,2,250
3364,16602,0,96,0,116,3,250
3366,16607,0,103,0,120,1,250
3368,16613,0,102,0,119,1,250
3370,16617,0,101,0,120,1,250
3372,16622,0,102,0,119,0,250
3374,16626,0,100,0,118,0,250
3376,16630,0,95,0,110,0,250
3378,16631,0,100,0,111,1,250
3380,16635,0,95,0,111,0,250
3382,16637,0,96,0,113,0,250
3384,16643,0,94,0,110,0,250
3386,16643,0,90,0,104,0,250
3388,16641,0,95,0,111,1,250
3390,16641,0,93,0,109,0,250
3392,16646,0,93,0,103,1,250
3394,16644,0,94,0,109,1,250
3396,16650,0,93,0,112,0,250
3398,16652,0,96,0,115,1,250
3400,16653,0,95,0,117,1,250
3402,16658,0,96,0,113,0,250
3404,16664,0,99,0,111,0,251
3406,16663,0,100,0,111,1,251
3408,16665,0,99,0,112,0,251
3410,16668,0,106,0,116,1,251
3412,16673,0,109,0,115,0,251
3414,16673,0,109,0,117,2,251
3416,16673,0,115,0,117,0,251
3418,16673,0,120,0,121,2,251
3420,16675,0,118,0,120,1,251
3422,16672,0,116,0,122,0,251
3424,16670,0,115,0,128,1,251
3426,16667,0,115,0,132,0,251
3428,16665,0,120,0,134,0,251
3430,16661,0,123,0,132,1,251
3432,16660,0,125,0,129,2,251
3434,16655,0,126,0,131,0,252
3436,16655,0,123,0,127,1,252
3438,16654,0,123,0,129,3,252
3440,16653,0,120,0,128,1,252
3442,16647,0,123,0,122,1,252
3444,16645,0,122,0,123,3,252
3446,16642,0,124,0,127,0,253
3448,16647,0,125,0,128,1,253
3450,16648,0,124,0,127,1,253
3452,16647,0,122,0,127,1,253
3454,16640,0,122,0,122,2,253
3456,16639,0,117,0,120,0,254
3458,16640,0,115,0,115,2,255
3460,16638,0,118,0,119,0,255
3462,16632,0,112,0,130,1,255
3464,16630,0,106,0,125,2,255
3466,16629,0,106,0,120,1,255
3468,16630,0,107,0,125,1,255
3470,16631,0,110,0,123,0,255
3472,16627,0,110,0,128,0,255
3474,16626,0,111,0,128,0,256
3476,16628,0,116,0,132,0,256
3478,16627,0,115,0,127,0,256
3480,16625,0,113,0,128,4,256
3482,16621,0,114,0,128,2,256
3484,16619,0,118,0,132,0,256
3486,16616,0,118,0,131,1,256
3488,16611,0,124,0,136,4,256
3490,16610,0,125,0,134,0,256
3492,16608,0,123,0,141,0,256
3494,16609,0,129,0,134,1,256
3496,16606,0,125,0,140,3,256
3498,16606,0,120,0,145,1,256
3500,16602,0,133,0,147,1,256
3502,16602,0,138,0,152,0,256
3504,16603,0,137,0,151,3,256
3506,16600,0,136,0,151,0,256
3508,16599,0,130,0,151,0,256
3510,16595,0,132,0,147,1,256
3512,16588,0,128,0,142,0,256
3514,16591,0,125,0,139,1,256
3516,16590,0,126,0,139,2,257
3518,16592,0,129,0,134,1,257
3520,16592,0,127,0,127,2,258
3522,16589,0,126,0,131,0,258
3524,16594,0,127,0,129,2,258
3526,16597,0,133,0,131,0,258
3528,16599,0,127,0,129,0,258
3530,16602,0,124,0,128,0,258
3532,16602,0,119,0,130,1,258
3534,16603,0,114,0,130,3,258
3536,16603,0,109,0,128,0,258
3538,16605,0,114,0,119,0,258
3540,16609,0,115,0,118,0,258
3542,16612,0,107,0,122,0,258
3544,16612,0,112,0,120,0,258
3546,16615,0,113,0,114,0,258
3548,16620,0,111,0,110,2,258
3550,16623,0,110,0,110,1,258
3552,16626,0,112,0,114,0,258
3554,16630,0,116,0,114,0,258
3556,16635,0,116,0,116,0,258
3558,16638,0,121,0,115,0,258
3560,16640,0,121,0,109,0,258
3562,16640,0,117,0,106,1,258
3564,16641,0,116,0,104,0,258
3566,16644,0,119,0,106,1,258
3568,16649,0,117,0,108,1,258
3570,16649,0,121,0,103,0,258
3572,16652,0,125,0,108,1,258
3574,16651,0,124,0,108,1,258
3576,16654,0,127,0,106,1,258
3578,16657,0,127,0,107,0,258
3580,16660,0,129,0,100,3,258
3582,16662,0,134,0,99,1,258
3584,16662,0,131,0,94,0,258
3586,16662,0,124,0,101,2,259
3588,16664,0,127,0,105,1,259
3590,16669,0,121,0,105,0,259
3592,16673,0,120,0,103,1,260
3594,16677,0,128,0,111,1,260
3596,16679,0,126,0,108,1,260
3598,16683,0,122,0,101,2,260
3600,16684,0,120,0,98,0,260
3602,16690,0,119,0,101,0,260
3604,16694,0,117,0,104,0,260
3606,16699,0,118,0,111,0,260
3608,16699,0,112,0,109,0,260
3610,16701,0,108,0,107,0,260
3612,16703,0,109,0,108,0,260
3614,16702,0,110,0,108,0,260
3616,16705,0,101,0,112,1,260
3618,16707,0,103,0,118,0,260
3620,16709,0,105,0,114,1,260
3622,16710,0,103,0,120,0,260
3624,16712,0,101,0,114,1,260
3626,16711,0,102,0,116,0,260
3628,16713,0,105,0,109,1,260
3630,16718,0,109,0,106,1,260
3632,16718,0,112,0,109,0,260
3634,16722,0,111,0,109,0,260
3636,16722,0,115,0,108,0,260
3638,16723,0,115,0,102,0,260
3640,16725,0,110,0,102,0,260
3642,16727,0,113,0,100,0,260
3644,16729,0,114,0,95,1,261
3646,16728,0,117,0,92,1,261
3648,16731,0,117,0,98,0,261
3650,16735,0,120,0,94,0,261
3652,16735,0,121,0,96,1,261
3654,16733,0,119,0,95,2,261
3656,16732,0,116,0,93,1,261
3658,16729,0,114,0,96,0,261
3660,16730,0,112,0,101,0,262
3662,16729,0,109,0,97,1,262
3664,16728,0,105,0,101,3,262
3666,16728,0,103,0,108,3,262
3668,16730,0,107,0,122,1,263
3670,16734,0,108,0,126,2,263
3672,16731,0,106,0,123,1,263
3674,16729,0,102,0,127,1,263
3676,16733,0,105,0,136,3,263
3678,16732,0,107,0,133,1,263
3680,16730,0,101,0,131,1,263
3682,16730,0,98,0,133,1,263
3684,16729,0,102,0,131,0,264
3686,16727,0,109,0,132,1,264
3688,16727,0,106,0,133,1,264
3690,16728,0,104,0,132,0,264
3692,16730,0,107,0,127,0,264
3694,16728,0,108,0,126,1,264
3696,16731,0,109,0,132,0,264
3698,16733,0,117,0,135,2,264
3700,16734,0,118,0,136,0,264
3702,16734,0,118,0,142,1,264
3704,16736,0,118,0,138,2,264
3706,16738,0,121,0,143,0,264
3708,16739,0,124,0,135,0,264
3710,16742,0,127,0,133,0,264
3712,16741,0,125,0,130,1,264
3714,16738,0,120,0,134,1,264
3716,16740,0,118,0,127,1,264
3718,16740,0,113,0,124,0,264
3720,16741,0,113,0,123,1,264
3722,16744,0,108,0,129,1,264
3724,16741,0,107,0,123,0,264
3726,16741,0,109,0,126,3,264
3728,16741,0,108,0,130,0,264
3730,16736,0,115,0,124,2,264
3732,16736,0,118,0,121,2,264
3734,16737,0,121,0,121,1,264
3736,16731,0,119,0,121,2,264
3738,16723,0,118,0,122,0,264
3740,16721,0,118,0,116,1,264
3742,16721,0,125,0,118,0,264
3744,16719,0,120,0,115,2,264
3746,16721,0,121,0,113,1,264
3748,16722,0,118,0,114,0,264
3750,16720,0,123,0,118,1,264
3752,16720,0,124,0,125,4,265
3754,16720,0,125,0,122,2,265
3756,16719,0,120,0,123,2,265
3758,16715,0,119,0,117,2,266
3760,16714,0,115,0,113,1,266
3762,16714,0,114,0,117,0,266
3764,16713,0,113,0,116,3,266
3766,16713,0,110,0,113,0,266
3768,16715,0,114,0,112,3,266
3770,16716,0,113,0,115,1,266
3772,16719,0,115,0,114,1,266
3774,16717,0,119,0,111,1,266
3776,16722,0,121,0,111,0,266
3778,16721,0,124,0,111,1,266
3780,16716,0,132,0,110,1,266
3782,16708,0,128,0,107,0,267
3784,16707,0,132,0,116,2,267
3786,16706,0,131,0,113,1,267
3788,16704,0,131,0,113,0,267
3790,16702,0,134,0,109,0,267
3792,16699,0,133,0,112,2,267
3794,16700,0,135,0,109,2,267
3796,16703,0,131,0,103,3,267
3798,16701,0,127,0,99,1,267
3800,16697,0,118,0,102,0,267
3802,16700,0,120,0,96,2,267
3804,16698,0,118,0,98,0,267
3806,16696,0,125,0,95,0,267
3808,16696,0,120,0,101,3,267
3810,16697,0,124,0,109,1,267
3812,16699,0,125,0,111,1,267
3814,16701,0,132,0,113,1,268
3816,16702,0,131,0,116,0,268
3818,16707,0,129,0,118,1,268
3820,16708,0,131,0,108,1,268
3822,16708,0,127,0,106,2,268
3824,16708,0,126,0,108,0,268
3826,16707,0,123,0,104,0,268
3828,16709,0,119,0,98,1,268
3830,16710,0,114,0,92,1,268
3832,16713,0,110,0,98,0,268
3834,16714,0,110,0,97,1,268
3836,16714,0,117,0,94,0,269
3838,16716,0,110,0,95,0,269
3840,16718,0,116,0,92,0,269
3842,16721,0,114,0,94,1,269
3844,16722,0,116,0,100,1,269
3846,16723,0,119,0,104,1,269
3848,16722,0,117,0,105,0,269
3850,16724,0,116,0,104,0,269
3852,16727,0,119,0,111,0,269
3854,16727,0,115,0,118,0,269
3856,16731,0,116,0,117,0,269
3858,16731,0,111,0,116,0,269
3860,16733,0,108,0,118,0,270
3862,16732,0,106,0,123,1,270
3864,16733,0,109,0,127,0,270
3866,16738,0,111,0,123,0,270
3868,16741,0,112,0,124,1,270
3870,16739,0,105,0,124,0,270
3872,16736,0,106,0,126,1,270
3874,16740,0,106,0,132,0,270
3876,16736,0,109,0,135,1,270
3878,16739,0,105,0,137,0,271
3880,16740,0,108,0,134,0,271
3882,16742,0,108,0,131,0,271
3884,16746,0,98,0,126,1,271
3886,16748,0,98,0,121,0,271
3888,16751,0,102,0,125,1,271
3890,16752,0,101,0,123,0,271
3892,16750,0,102,0,120,0,271
3894,16750,0,100,0,123,0,271
3896,16754,0,101,0,116,2,271
3898,16756,0,109,0,121,0,271
3900,16757,0,112,0,129,0,271
3902,16759,0,117,0,130,1,271
3904,16759,0,117,0,135,0,271
3906,16762,0,110,0,140,1,271
3908,16758,0,112,0,142,0,271
3910,16756,0,111,0,143,0,271
3912,16757,0,108,0,152,3,271
3914,16756,0,101,0,146,0,271
3916,16754,0,101,0,142,0,271
3918,16756,0,102,0,146,1,271
3920,16762,0,104,0,149,0,271
3922,16764,0,99,0,156,0,272
3924,16768,0,103,0,156,0,273
3926,16769,0,106,0,151,2,274
3928,16766,0,108,0,152,0,274
3930,16765,0,107,0,149,0,275
3932,16764,0,108,0,147,0,276
3934,16767,0,98,0,148,0,276
3936,16769,0,98,0,144,1,276
3938,16770,0,95,0,147,0,276
3940,16772,0,102,0,142,0,276
3942,16775,0,100,0,145,1,276
3944,16774,0,103,0,143,0,276
3946,16777,0,105,0,145,0,276
3948,16779,0,101,0,144,4,276
3950,16780,0,104,0,146,0,276
3952,16781,0,102,0,154,0,276
3954,16782,0,102,0,152,0,277
3956,16781,0,101,0,153,0,277
3958,16785,0,108,0,155,0,277
3960,16786,0,105,0,156,1,277
3962,16789,0,107,0,147,0,277
3964,16788,0,110,0,140,1,277
3966,16788,0,115,0,136,0,277
3968,16792,0,118,0,129,0,277
3970,16795,0,125,0,125,0,277
3972,16791,0,124,0,126,0,277
3974,16790,0,128,0,128,0,277
3976,16789,0,120,0,131,2,277
3978,16791,0,111,0,119,0,277
3980,16791,0,108,0,122,0,277
3982,16789,0,104,0,125,0,277
3984,16788,0,111,0,128,0,277
3986,16791,0,110,0,125,1,277
3988,16791,0,104,0,130,0,277
3990,16793,0,100,0,129,3,277
3992,16794,0,104,0,127,0,277
3994,16800,0,109,0,130,1,277
3996,16800,0,105,0,129,1,277
3998,16801,0,106,0,122,0,277
4000,16801,0,109,0,128,0,277
